Supplier Name,Sum of Invoice Nett Amount
Sicor International,500.6
Tomorrow's People Trust Ltd,510
Ultra Electronics Limited (Command & Control Systems),510
Chandlers Ltd,517
AWICS,520
Creative Environmental Networks,523.55
Merrill Legal Solutions,524
AudioGo Ltd,529.22
Kendall Cars,529.52
Office Depot UK Ltd,534
The Lifecare Centre,534
BIFFA Waste Servicess Ltd,536.64
Adoption Uk,536.75
Bookseller Media Ltd,537
Guiness Trust Estate,537.8
Cohen Cramer Solicitors,540
Grace Eyre Foundation,542.12
Equanet Ltd,550
Headway,550.08
E Williams and Co Ltd,555
Youth Empowerment solutions Ltd,555
L K Recruitment Ltd,560.15
Camberwell Cars Ltd,560.9
Masters Legal Costs Services,561.15
Reliance Secure Task Management Ltd,564.77
Total Hygiene Ltd,566
Streetmaster Products,573
Funeralcare,585
CF Asset Finance Limited,586.57
Transition Town Brixton,591
Edmund & Sons,593
Front Yard Company Limited,595.53
SGS United Kingdom Ltd,595.6
The History Press,597.61
Fostering & Adoptions,600
NCC Services Ltd,600
Greyhound Cars,615.3
Wind Workshop,617.28
British Board of Agrement,620
A & R Associates,620
UK Youth Parliament,625
GLS Educational Supplies Ltd,625.3
Anglia DNA services Limited,629
Joanna Clinton,630
LOCN,636
Dunelm Grove Pre-School,649.17
Lilford Day Care Centre,649.17
St Michaels Pre-School,649.17
Norman Mark Training,650
Personal Safety Associates,650
Town & Country Memorials Limited,653.49
E.On Energy,657.02
Port Regis,661.31
The Kindergartens Ltd,676.5
Orange Personal Communications Services Ltd,690
Freedom 2 Surf,697.32
StayAhead Training Ltd,700
The Dogs Home Battersea,700
TechReady,703.74
Wolters Kluwer UK Ltd,711.55
Prada-Willi Association (UK),715
Croydon College,725
Mr Delva Chambers,737.36
Thebigword,740.66
Jardine Lloyd Thompson UK Ltd,750
Aquajoy Bathlifts Ltd,755
Ray Linge Market Stalls,755
Royal National Theatre,762.3
Collinstown Construction Ltd,765
In-Trac Training & Consultancy Ltd,766.9
JW Solutions,770
SOLO(ACCOM) Ltd,775
Mace Montessori Schools Ltd,779
Windmill Playgroup,779
Dulwich College,785.06
Pabulum,792.15
Closer To Limited,800
National Maritime Museum,800
Architects Design Partnership LLP,800
Wyatt Carruthers Jebb Engineers,800
AA Signs,806
Abbeyfield Dorcas Society,806.36
Ashmount Care Home with Nursing,814.5
Cyclehoop Ltd,815
Flying Angels Gymnastics Club,825
Edexcel,849.3
Matthew Morgan,850
Miss Catherine Jenkins,850
North Lambeth Partnership Arts,850
Premier Training International Ltd,850.21
Aged Care Channel Ltd,851.06
Carena Mechanical Services Limited,874.11
Kids & Play Mobile Creche,878.05
Ms Carmeleta Mayne,888.86
Camelot Property Management,894.01
F J Barritt Transport,896.82
Conquest Hotel,900
Stanthorpe Hotel,900
Mrs Ruth Fuller,901.88
Tycos UK Ltd,907.6
Union Jack Club (Trading) Ltd,917.66
Multifire Ltd,918.5
Traffic Technology Ltd,920
CCH Express Cars & Couriers Ltd,934
Arlington House Residential Home,936.41
Welland Medical (Leicester),984
Ms Desnet Silassie,985
The Lettering Centre London Ltd,987
Kunle Olulode,"1,000.00"
"Ashbourne Homes Ltd, Broome End care Centre","1,032.46"
Maven Training Limited,"1,034.00"
Old Clapham Library,"1,040.00"
Frontline Associate Supported Tenancies,"1,049.10"
Waterman Health & Safety,"1,050.00"
Chain Gang Limited,"1,053.04"
Greensleeves Homes Trust,"1,053.74"
SES Care Homes Ltd,"1,065.88"
Gartec Limited,"1,075.00"
TCC Ltd,"1,075.00"
D.M.Koc,"1,080.00"
Aquarius Group,"1,082.47"
Stanthorpe Guest House,"1,085.00"
Spring Lake,"1,090.80"
Cramer Music Ltd,"1,092.34"
Chislehurst Care Ltd,"1,102.23"
Honav UK Ltd,"1,123.40"
Rutland Residential Care Home,"1,146.28"
Unique Help Group,"1,163.56"
Portakabin Limited,"1,164.53"
Paris Parkin Farley,"1,167.44"
Morris & Alexander Ltd,"1,170.00"
Diamond Couriers Limited,"1,170.73"
Angles Guest House,"1,173.35"
Action For Blind People,"1,176.00"
TCR Training Ltd,"1,180.00"
Fierce Neutral Ltd,"1,200.00"
Mr Harprehaheedet & Mrs Inderjit Shaheed,"1,200.00"
NICE CTI Systems UK Ltd,"1,200.00"
Ryburn Rubber Limited,"1,200.00"
South Bank Centre London,"1,200.00"
Blanchworth Care,"1,230.88"
Greendale Projects Limited,"1,237.50"
Positive Media Promotions Ltd,"1,250.00"
Beverley Grange Nursing Home,"1,251.01"
Assisi Community Care,"1,259.91"
Ots Ltd,"1,266.54"
Christian Care Trust,"1,278.26"
Camphill Village Trust,"1,279.60"
Little Hayes Care Home,"1,282.94"
Ashton Lodge,"1,282.94"
Elizabeth Court Rest Home,"1,283.04"
Hooklands Nursing Home,"1,289.50"
Mr Ibne Meeajan,"1,290.00"
Marshall F Pont & Associates,"1,292.50"
Loughborough Community Centre Creche,"1,298.33"
Baby Room,"1,298.33"
Sunbeam Day Nursery,"1,298.33"
Whitehouse Day Nursery,"1,298.33"
Clarence Nursing Home,"1,299.86"
All Solutions Property Repairs,"1,308.90"
Kingston College,"1,310.00"
Abbeyfield Society Ltd,"1,316.72"
Oakmead Electrical Co,"1,320.00"
St Helens Lodge,"1,331.42"
Pdc Presentation Solutions Ltd,"1,332.50"
Surrey Heights,"1,338.45"
Westholme Clinic Ltd,"1,342.64"
West Lodge Residential Care Home,"1,344.94"
Kingston University,"1,350.00"
Camden Society,"1,360.00"
Rs Components Ltd,"1,363.04"
HB Anorak,"1,382.10"
Somerset Care,"1,384.02"
Eaton Square School,"1,387.66"
Mr Armando Shehu,"1,390.00"
Gillian Stringer,"1,392.00"
Spoce Project Management,"1,395.00"
Britannia Sanderstead's,"1,395.40"
Chanctonbury Healthcare Ltd,"1,399.78"
Safe & Sound,"1,400.00"
Ann Thorne Architects Partnership,"1,410.00"
G Edwards & Associates Ltd,"1,410.00"
Autumn Lodge Care Home,"1,412.49"
Foxley Lodge,"1,419.03"
Amanda Holtby,"1,425.69"
Johnson Austin Partnership LLP,"1,430.00"
Hayes Court,"1,437.75"
HTi Imaging Ltd,"1,440.00"
First Step Trust,"1,450.00"
Saffronland Homes,"1,452.30"
Computacenter (UK) Ltd,"1,452.45"
Aintree Day Nursery & Kids Club,"1,460.00"
CHD (Care Homes) Ltd,"1,463.54"
All About Care,"1,464.52"
Veecare Ltd t/a Tralee Rest Home,"1,464.52"
Addlestone Lodge,"1,467.67"
Tudor House,"1,468.99"
Care Providers,"1,474.12"
Garth House Nursing Home,"1,475.24"
Clarendon Nursing Home,"1,478.47"
Epsom Lodge Carer Home LTD,"1,484.46"
Moorwood Cottage,"1,497.04"
Lewis Price Associates,"1,500.00"
The Warren Residential Home,"1,504.38"
Devonshires Solicitors,"1,507.65"
Ancer Spa (GSE) Ltd,"1,513.00"
Etc Venues Ltd,"1,515.36"
Surrey Rest Homes Ltd,"1,527.19"
The Oaks Nursing Centre,"1,540.23"
Jewish Community Housing Association Ltd,"1,541.12"
"Weybourne Residential Care Home, Avante Partnership","1,547.11"
Carewatch (Lambeth),"1,551.54"
Share Community Ltd,"1,557.61"
Farmstead Nursing Home,"1,567.62"
Kenward Trust,"1,574.32"
Oban House,"1,587.33"
Elmwood Nursing Home,"1,590.43"
E.T.C Sports Surfaces Ltd,"1,600.00"
Bourne Housing Society Ltd,"1,617.44"
Peters Ltd,"1,618.16"
Pelham House,"1,619.52"
Rogers & Co Chartered Building Surveyors,"1,621.62"
Safeguard & Security,"1,630.75"
NowMedical,"1,635.00"
God's Ports Housing Society Ltd,"1,648.14"
C. Goodman & Sons Ltd,"1,667.00"
Kenwood Care Home,"1,679.27"
Centre For Sheltered Housing Studies,"1,680.00"
New Century Care Ltd,"1,688.03"
Mark Insulations Ltd,"1,695.60"
Pearl House,"1,713.06"
Nicholas James Care Homes Ltd,"1,713.99"
Family Investment Four Ltd,"1,714.32"
Pitney Bowes Management Services Ltd,"1,714.65"
The High Street Gift Voucher,"1,718.25"
EMM LANE AND WESTBANK CARE HOME,"1,721.87"
Vermont Lodge,"1,725.46"
OAK Residential Home,"1,725.80"
The Friendly Almshouses,"1,729.72"
Railex (Filing) Ltd,"1,733.36"
Meadbank Nursing Centre,"1,736.26"
Barchester Healthcare Homes Ltd,"1,745.02"
Albany Lodge Nursing Home,"1,757.52"
The Swallows,"1,770.31"
R82 UK Ltd,"1,777.00"
Howard Castle Care Centre,"1,789.14"
Encription Ltd,"1,800.00"
Cognetix Limited,"1,800.00"
Dudley House Care Home,"1,803.84"
Precision Press Ltd,"1,820.00"
Beech Care Ltd,"1,820.98"
Chris Yates Parking Associates Ltd,"1,826.05"
Sherico Care Homes Ltd,"1,828.56"
Caburn Supported Services Ltd,"1,837.50"
Royal Mail Group Plc,"1,837.58"
College Engineering Services,"1,841.66"
Site Rescue,"1,865.00"
Kent Community Housing Trust,"1,868.24"
Edf Energy Plc,"1,880.47"
Equifax Plc,"1,881.00"
Presentation,"1,888.12"
Ark On The Park,"1,891.47"
Foley House,"1,901.00"
Leys Park Care Centre,"1,902.72"
Beckett Corporation Ltd,"1,920.00"
Lambeth Childminding Association,"1,930.00"
Rusthall Lodge Nursing Home,"1,939.31"
The London Care Project,"1,955.61"
Greenbushes Nursing Home,"1,957.26"
Koupparis Associates,"1,957.81"
Abbeyfield The Dynes,"1,970.72"
Hewlett Packard Ltd,"1,973.84"
Freeways Trust Ltd,"1,975.24"
Parkeon Ltd,"1,980.60"
Excelcare Ltd,"1,984.13"
London Met Enterprises Ltd,"1,985.00"
Rnb Engineering,"1,989.00"
Duncan Lewis & Co,"2,000.00"
Barlow Lyde & Gilbert,"2,000.00"
Bike Dock Solutions Ltd,"2,000.00"
Saxon Court,"2,003.31"
BAAF,"2,011.60"
Christ the King Residential Care Homes Ltd,"2,012.83"
Raglan Housing Association,"2,032.24"
Richmond Upon Thames Churches Housing Trust,"2,045.02"
Ian Williams Ltd,"2,057.00"
Mrs Miraj Aziz,"2,057.14"
Grove House Residential Care Home,"2,057.52"
Tamaris South East Ltd,"2,075.84"
TNS UK Ltd,"2,100.00"
University of Huddersfield,"2,100.00"
Daniel Connal Partnership LLP,"2,117.33"
The Technology Forge,"2,130.00"
A Yeatman & Sons Ltd,"2,167.00"
Holt Jackson Book Company Limited,"2,169.32"
Mrs Enid Lewis,"2,170.43"
Kevin Martin,"2,174.00"
Roseacre Care Ltd,"2,175.30"
Abbeyfield Stangrove Lodge,"2,199.40"
Cory Environmental Waste Management,"2,201.70"
Information Commissioner,"2,205.00"
Kilncroft Rest Home,"2,218.93"
West Lodge Nursing & Residential Home,"2,220.04"
The Queen Alexandra Hospital Home,"2,229.16"
Enmore Lodge Ltd,"2,253.49"
Vitellow Pharmacy (Medipharmacy Group),"2,257.28"
Voice For The Child In Care,"2,278.83"
Care and Residential Homes Ltd,"2,281.16"
Rylands Nursing Home Ltd,"2,295.00"
Homeleigh,"2,308.26"
Dalen Limited,"2,311.19"
Guardian Media Group Plc,"2,334.00"
Ms Grace Aiyetigbo,"2,334.79"
Hill House Nursing Home Ltd,"2,362.20"
Playle & Partners LLP,"2,371.34"
Mornington Hall Nursing Home,"2,396.95"
Miles Training & Consultancy,"2,400.00"
Tracy Seed Associates,"2,400.00"
Chigwell Construction (London) Ltd,"2,407.00"
Entertainment Artistes Bene Fund,"2,415.06"
Rwa (Uk) Co Ltd,"2,415.55"
Univent Ltd,"2,418.44"
Larkfield Hall Ltd,"2,437.22"
Ranyard,"2,456.05"
Cottisbraine House,"2,456.93"
The Hornchurch Nursing Centre,"2,480.00"
Idox Software Ltd,"2,481.71"
Askews Library Services Ltd,"2,486.16"
Prevista Ltd,"2,497.22"
Easigrass Gardens Ltd,"2,500.00"
Mime Consulting Ltd,"2,500.00"
Hope Worldwide,"2,513.80"
DECS Publishing,"2,523.67"
Safety in Mind,"2,525.00"
Family Care Homes Ltd,"2,531.24"
St Martins Community Centre,"2,537.45"
Seven Ways,"2,543.80"
Drewstead Lodge,"2,551.54"
Radcliffe House,"2,558.16"
Prospect Housing & Support Services,"2,559.00"
Civica Ltd,"2,583.74"
Whitworth Lodge,"2,594.09"
Extrafriend Ltd,"2,598.50"
Jiva HealthCare Ltd,"2,601.25"
First Step South,"2,614.05"
Redspot Homecare Ltd,"2,617.20"
TSG Building Services Plc,"2,619.00"
Draftcreate Ltd,"2,623.62"
Hopperways Limited,"2,625.00"
Rosewood Building & Maintenance Services,"2,626.01"
District Surveyors Association Ltd,"2,651.99"
Wentworth Croft,"2,652.72"
Stangas Ltd,"2,675.39"
Charlie Chaplin,"2,702.50"
P & M M Ltd,"2,736.23"
Hillcrest Care Ltd,"2,764.58"
SP Fleet Limited,"2,866.83"
Roughton London Ltd,"2,877.50"
Smitcare Ltd,"2,903.00"
Anchor Trust,"2,923.52"
MWB Business Exchange PLC.,"2,925.00"
Interheat,"2,944.67"
Accora,"2,945.00"
Calfordseaden,"2,950.00"
David Lewis Centre,"2,965.02"
Helping Hand Company Ltd,"2,966.40"
Christopher Kerr,"2,968.75"
Chicks Ltd T/A Babalou,"3,000.00"
Ms Mary White,"3,000.00"
Dreyfus Training & Development Ltd,"3,000.00"
Roehampton University,"3,000.00"
Squirrels Nursery School,"3,000.00"
Acton Writers Forum,"3,000.00"
Ashmill Residential Care Home Ltd,"3,006.33"
MAS Systems Ltd,"3,024.68"
Kindercare Fostering Ltd,"3,058.50"
Bupa Care Homes  Seabrooke Manor Residential & Nursing Home,"3,058.51"
Gary Walker,"3,090.00"
St Christophers Fellowship,"3,108.99"
GE Equipment Services Ltd,"3,116.96"
Milton Court Care Centre,"3,131.00"
IIZUKA Software Technologies Ltd,"3,150.00"
Playcare Lambeth,"3,173.53"
Cherrycroft Care Home Limited,"3,198.27"
Swift LG Ltd,"3,200.00"
Anne Thorne Architects,"3,200.00"
Ty Connections Ltd,"3,217.16"
T. V. Edwards LLP,"3,236.49"
Mount Carmel,"3,241.47"
Holmwood Nursing Home Ltd,"3,243.48"
Rosedale Residential Home,"3,254.57"
Scott House,"3,257.48"
Playsafe Playgrounds Ltd,"3,263.00"
Axcis Education Recruitment,"3,295.00"
Sweet Tree Home Care Services,"3,306.00"
Pellings LLP,"3,333.62"
James Kane Nursery,"3,334.00"
Colin Buchanan And Partners,"3,370.35"
Bs Project Services Ltd,"3,437.85"
University Of Warwick,"3,450.00"
Amey BPO Services Limited,"3,472.11"
CIPFA Business Limited,"3,473.53"
GSA,"3,480.00"
Crystal Rest Home,"3,489.75"
W C Evans & Sons Ltd,"3,490.00"
Hyde Southbank Homes,"3,499.56"
The Fremantle Trust,"3,542.86"
Wimborne House Ltd,"3,542.86"
St Georges Nursing Home,"3,565.00"
Leonard Cheshire Disability,"3,599.41"
Rosina Lodge Residential Home,"3,600.98"
Smart Teachers,"3,636.00"
Cricklade House,"3,661.04"
Shaftesbury Housing Group,"3,667.24"
11 Kings Bench Walk,"3,675.00"
Ayerst Environmental Ltd,"3,685.00"
QA-IQ Ltd.,"3,700.00"
Croham Care Services,"3,708.72"
Lambeth Business Against Crime Limited,"3,744.00"
Workspace Management Ltd,"3,745.36"
Cobbetts LLP,"3,760.64"
Independent Lifestyle Options DCA Ltd,"3,764.28"
BUPA Care Services,"3,780.32"
Matrix Training Associates Ltd,"3,808.00"
St Marys Lodge,"3,826.80"
Kasper Ltd,"3,826.95"
Graham House Residential Care Home,"3,846.17"
Priory The Vines,"3,852.21"
P E Modile T/A Laglin House,"3,857.14"
Tracescent Ltd,"3,882.62"
Scotts Project Trust,"3,906.96"
EnhanceAble,"3,978.47"
The Royal National Institute For Deaf People,"3,985.41"
Capita Symonds Ltd,"4,000.00"
One London Ltd,"4,000.00"
Soderholm & Associates,"4,021.00"
Birdel Flooring Contractors Ltd,"4,038.00"
Thf Care Estates Ltd,"4,040.63"
Clapham Park Homes,"4,040.68"
Nightingale House,"4,084.20"
Beacon House Nursing Home,"4,103.55"
Acorn Village,"4,103.66"
Virgin Media Business,"4,131.08"
Mr Kieron Hanlon,"4,135.14"
Myatts Field Park Project Group,"4,160.88"
Volunteer Reading Help,"4,166.88"
Kip McGrath Education Centre,"4,200.00"
Hilldales Residential Care Homes,"4,207.14"
Cameron Lodge Residential Care,"4,224.64"
Freeway Lift Services,"4,272.00"
Avens Ltd,"4,305.44"
Streatham & Clapham High School,"4,308.58"
Hereson House Ltd,"4,325.16"
Clear Channel UK Ltd,"4,360.00"
Lifeways Community Care Limited,"4,380.97"
Prime Time Recruitment Ltd,"4,395.33"
Royal Masonic Benevolent Institution,"4,420.29"
White Rose Care,"4,430.26"
Test Valley Mobility,"4,452.85"
Alexander Family Nursing Home,"4,470.51"
Sir Frederick Snow & Partners Ltd,"4,529.60"
Whatever Design Ltd,"4,579.00"
South East Traffic Consultants Ltd,"4,630.00"
Shaftesbury Homes & Arethusa,"4,639.88"
Springmarsh Homes Ltd,"4,647.31"
Loomis UK Ltd,"4,660.71"
London & Surrey Gas Services Ltd,"4,678.70"
J S Estates Ltd,"4,687.75"
Downing (Chertsey Road) Ltd,"4,693.46"
London Mutual Credit Union Ltd,"4,700.00"
Milbury Care Services Ltd,"4,706.46"
Guys & St Thomas NHS Trust,"4,779.76"
Vertal Ltd,"4,792.00"
Orchids Fostering for Children LLP,"4,794.92"
The Boulters,"4,800.00"
Barrettine,"4,813.90"
Community Trust Housing,"4,833.44"
Macintyre Care,"4,856.33"
Land Use Consultants,"4,866.00"
Als-Akamas Ltd,"4,950.00"
Greenacres Care Homes Ltd,"4,953.40"
Fieldside Care Home,"4,997.47"
Hornsong Ltd,"5,000.00"
London Active Communities,"5,000.00"
Faiths Together In Lambeth,"5,000.00"
Gould Building Services,"5,000.00"
Solace Community Care Ltd,"5,012.74"
Miss Noemi Byrd,"5,050.00"
Property Facilities Group PLC,"5,050.20"
Kairos Community Trust,"5,159.28"
British Gas Business,"5,161.71"
Weightmans Solicitors,"5,200.00"
Faces In Focus,"5,208.00"
Mrs Mahira Azawi,"5,232.00"
Focus on Fostering Ltd,"5,261.63"
BNP Paribas,"5,310.00"
Metropolitan Housing Trust,"5,317.00"
Vietnamese Mental Health Services,"5,341.48"
Stor-a-File Imaging Ltd,"5,359.61"
Ruskin Private Hire,"5,392.00"
3M United Kingdom Plc,"5,396.65"
Unique Personnel (Uk) Ltd,"5,397.00"
Capital Cars,"5,434.00"
F & C Consulting Services,"5,460.00"
Ashchurch House Ltd,"5,473.98"
Hyder Consulting Ltd,"5,482.74"
Fisher Meredith Solicitors,"5,500.00"
GIA,"5,525.00"
Future Health & Social Care Association C.I.C,"5,525.76"
University of Greenwich,"5,560.00"
Manon House,"5,591.07"
Supreme Care Services Ltd,"5,591.07"
Energy Auditing Agency Limited,"5,597.00"
AR-create Ltd.,"5,606.25"
Canon (UK) Ltd,"5,615.57"
Beacon Care Ltd,"5,616.23"
Aitch Care Homes Ltd,"5,662.86"
Prolog Print Media,"5,713.40"
Kingscare Fostering Agency Ltd,"5,757.12"
Truecare Holdings Ltd,"5,773.52"
Outlook Fostering Services Ltd,"5,791.80"
Norwood Ravenswood Services Ltd,"5,835.31"
Eversheds LLP,"5,878.00"
Mr Esala Ayuba-Kuwu,"5,887.16"
Vane Hill Care Homes,"5,894.54"
Waterloo Sports and Football Club,"5,902.00"
Snow-Camp,"5,903.00"
Monterpoint Technologies,"5,946.85"
Wainwright and Cummins Solicitors,"5,957.45"
Otis Limited,"5,971.64"
Credo Care Ltd,"5,992.00"
Independance,"6,000.00"
Clockwork Estates Ltd,"6,000.00"
Youth Scene,"6,000.00"
Peter De Haan Charitable Trust,"6,047.50"
Ashdene House Ltd,"6,091.50"
Richardson Partnership Care,"6,123.35"
George Potter Care Home Limited,"6,198.14"
London Creative Labs,"6,250.00"
Code 7 Ltd,"6,250.00"
Rosedene Nursing Home,"6,257.48"
Judith Wilson Consulting,"6,300.00"
Wessex Regional Care Ltd.,"6,307.88"
Pitney Bowes Finance PLC,"6,374.42"
Moria L Murray,"6,382.40"
Tunstall Group,"6,437.50"
Addington House Ltd,"6,485.07"
Home Connections Letting Ltd,"6,550.00"
Crofton Design,"6,579.86"
Dobbs Construction,"6,600.07"
Priory Rehabilitation Services Ltd Grange Potters Bar,"6,690.24"
Rosenmanor Residential Care Home,"6,732.82"
Cavendish School,"6,750.00"
Glenroyd House Ltd,"6,768.23"
Synergy Fostering,"6,797.23"
In Touch Support Ltd,"6,814.08"
FosterCare UK Ltd,"6,931.17"
Trident Refurbishment Ltd,"6,953.03"
Pentahact,"6,978.91"
Handicare Accessibility Ltd,"6,980.00"
Stockwell Park Estate Community Trust Ltd,"7,000.00"
St Johns Nursing Home Ltd,"7,090.02"
Atlas Healthcare Ltd,"7,094.80"
Home Farm Trust Ltd,"7,137.24"
What Architecture,"7,141.30"
Crawford Primary School,"7,152.28"
Access Mobility Transport Ltd,"7,182.00"
N Notaro Home Ltd.,"7,249.89"
Cascade Care,"7,299.92"
Ashbrook House Ltd,"7,384.20"
Robert Owen Communities,"7,462.32"
Barnardo Services Ltd,"7,481.00"
Broadway,"7,491.44"
LKA Educational Consultancy,"7,500.00"
Lambeth Senior Citizens Day Centre,"7,507.33"
Lambeth Elderly Association From Vietnam,"7,507.33"
Lambeth Scientific Services Ltd,"7,514.72"
TTSP,"7,551.00"
Care Support Services Ltd,"7,566.48"
Childlink Adoption Society,"7,568.00"
Clearblue Properties Ltd,"7,570.00"
L & C Gregson Limited,"7,594.20"
Burgess Park Care Centre,"7,600.31"
Alastair Wilson,"7,612.50"
Keyring Living Support Network,"7,622.08"
First Great Western Trains,"7,648.00"
The Priory Grange St Neots,"7,718.87"
Cool Milk Ltd,"7,737.00"
Together Working for Wellbeing,"7,742.48"
Voyage,"7,756.73"
D Sully & Son Limited,"7,874.26"
Beckenham Management Services Ltd,"7,875.00"
Action For Children Services Ltd.,"7,876.21"
Evelyn Grace Academy,"7,897.00"
The Platform Lift Co Ltd,"7,970.40"
Mr John Stephens,"8,000.00"
Notting Hill Housing Trust,"8,042.30"
Medicrest Limited t/a Acorn Care Homes,"8,152.37"
G M B ,"8,165.95"
Miles & Partners LLP,"8,250.00"
Appleyards DWB,"8,272.50"
The Artemis Team Ltd,"8,281.42"
London Printworks Trust,"8,328.14"
Futures Theatre Company,"8,333.13"
Joycare Home Services Ltd,"8,355.61"
Chrysalis Community Care Group Ltd,"8,404.93"
Hazeldene Ltd,"8,437.86"
Streatham Darby & Joan Club,"8,480.97"
Kirkdale Care Centre,"8,583.48"
Guernsey Grove Community Project,"8,589.29"
Charles Allotey & Co,"8,624.00"
Ubs Asset Management Ltd,"8,650.18"
Lambeth Asian Centre,"8,650.84"
Independent Lifestyles SS LLP,"8,697.72"
Unique Office Solutions Ltd,"8,716.00"
Brain Injury Rehabilitation Trust,"8,739.83"
Trustmarque Solutions Ltd,"8,770.10"
Focused Fostering,"8,805.57"
Taylormade Castings Ltd,"8,945.00"
Lambeth Public Transport Group,"9,000.00"
National Society For Epilepsy,"9,022.85"
Coin Co International Plc,"9,068.01"
Rediweld Traffic Products,"9,189.35"
Latin American Golden Years Club,"9,202.75"
St Christopher'S Fellowship,"9,226.68"
Time For Children Ltd,"9,300.00"
Wettons Cleaning Services Ltd,"9,319.59"
Positive Parenting and Children,"9,337.00"
Disability Adaptation Consultancy Services Ltd,"9,397.82"
BT Global Services,"9,446.10"
Janes House,"9,523.28"
The Chestnuts Limited,"9,532.36"
Viridian Housing,"9,701.48"
Blossom House School,"9,775.00"
Ashgate House,"9,810.88"
Lambeth Academy,"9,832.38"
Children of All Nations,"9,835.09"
Kennedys,"9,853.88"
Children First Fostering Agency Ltd,"9,884.97"
Global Secretarial,"9,950.00"
South London Business Limited,"10,000.00"
Normans (Burton Upon Trent) Ltd,"10,019.70"
Criminal Records Bureau,"10,190.00"
St Nicholas Lodge,"10,230.00"
Salvation Army,"10,241.02"
St Davids Care In The Community,"10,336.03"
Fulham FC Football & Community Scheme Ltd,"10,372.00"
MJ Events Support Ltd,"10,383.90"
Inclusive Care Support,"10,400.00"
HLMAD Ltd,"10,425.00"
Specialist Computer Centers Plc,"10,510.76"
BlenheimCDP,"10,644.15"
198 Contemporary Arts & Learning Ltd,"10,698.43"
Fairley House School,"10,750.00"
Unicorn House,"10,764.25"
Mace Ltd,"10,835.28"
SV LAW,"10,982.00"
Queen Elizabeth Foundation For The Disabled,"11,031.82"
Life Environmental Services LTD,"11,125.00"
Leigham Lodge Limited,"11,166.25"
Benecare Education & Residential Child Care,"11,200.00"
Newstart Training Ltd,"11,220.00"
Knights Court,"11,310.90"
Angell Town Emb,"11,560.00"
ASRA Greater London Housing Association Ltd,"11,676.22"
Waterloo Community Development Group,"11,704.25"
Integrated Services Programme,"11,812.86"
Allied Care Ltd,"11,814.72"
Cognithan Ltd,"11,884.18"
Mode Access Mobility,"11,886.50"
Centre Academy,"11,900.00"
RSP Rail Travel Account,"12,035.80"
Learning Logic Software,"12,100.00"
Lynstead Childrens Services,"12,108.29"
22 Design Ltd,"12,150.00"
Supreme Education PLC,"12,172.65"
Wernick Hire Ltd,"12,175.72"
Trinity Mirror Printing Watford Limited,"12,191.30"
Mission Care,"12,541.52"
Waratah House,"13,026.75"
Silveroak Construction Ltd,"13,054.50"
Consensus Healthcare Ltd,"13,111.63"
Powell Forster Solictors,"13,135.38"
Penna Plc,"13,162.00"
Mr F Hosanee,"13,209.48"
Willows Project,"13,213.72"
ADCRIS C.I.C,"13,254.11"
Industrial Lift Services Ltd,"13,323.00"
Safehouses,"13,329.93"
Linton Fuel Oils Ltd,"13,346.80"
Southern Adolescent Care Services Ltd,"13,414.01"
Damerin Ltd,"13,612.50"
Adminland Ltd,"13,779.36"
Contract Homes,"13,817.00"
ARVAL PHH,"13,818.93"
Springfield Road Ltd,"13,928.40"
RR Donnelley BSL Ltd,"13,958.20"
Browne Jacobson Solicitors,"14,145.55"
Trimmer CS,"14,304.52"
Be My Family Fostering Agency Ltd,"14,459.64"
D S Care Ltd,"14,474.25"
Consensa Care,"14,481.12"
Hertel (UK) Ltd,"14,565.36"
Fairlie House,"14,690.93"
Gretton Homes,"14,691.16"
International Visual Ltd,"14,700.00"
Priory Secure Services Chadwick Lodge,"14,880.00"
London & Essex Newspapers Ltd,"14,880.00"
Camilla Goddard,"15,166.00"
St Martin Of Tours Housing Association,"15,176.44"
Castle Care,"15,325.76"
Condover College Ltd,"15,353.70"
Creative Support Ltd,"15,407.60"
London Letterbox Marketing,"15,464.50"
Heath Farm Family Services,"15,477.06"
Equinox Ltd,"15,498.83"
Trevi House Ltd,"15,608.07"
Equinox,"15,710.55"
Blake House,"15,944.40"
Oval House,"15,964.36"
Scope,"16,057.64"
Brookdale Healthcare,"16,105.74"
The Childrens Trust,"16,110.00"
Kirkstall Lodge Ltd,"16,156.10"
Mercer Ltd,"16,260.00"
Southside Partnership Fanon Care,"16,384.14"
Vista,"16,500.00"
Glancestyle Care Homes Ltd,"16,505.99"
Big D Furniture Ltd,"16,714.50"
Rainbow Fostering Services Ltd,"16,730.52"
Gibsons Lodge,"16,731.94"
Age Concern Lambeth,"16,835.80"
Vosse Court Limited,"17,009.09"
Refuge,"17,119.96"
Hi Life Properties Ltd,"17,201.12"
Chrysalis Care,"17,205.42"
Parkview Nursing Home,"17,261.97"
Tumblewood Community,"17,271.34"
Melray Electrical Contractors,"17,488.25"
Fostering Outcomes,"17,782.64"
Asphaltic Limited,"17,789.37"
Wishing Well,"17,814.69"
Premier Windows Ltd,"18,149.05"
The Appropriate Adult Service,"18,250.02"
Holibrook House Ltd,"18,400.00"
TBS Adaptations Ltd,"18,424.29"
Hymans Robertson Consultants & Actuaries,"18,430.00"
Care2Share Residential Family Centre,"18,540.00"
Moments Fostering Ltd,"18,729.40"
Ridge & Partners,"18,793.61"
Callaway & Co,"18,866.88"
N Hosanee (Roselands),"18,869.83"
Orbis Property Protection Ltd,"18,876.95"
Royal Mail,"19,188.52"
R@W Logistics Ltd,"19,240.78"
Silverdell Management Services LLP,"19,500.00"
Sussex Health Care,"19,516.29"
Swaay,"19,573.40"
Aquaneed Ltd,"19,582.50"
Blocklin House Ltd,"19,666.21"
Link Fostering Agency,"19,796.55"
Mr J K S Patel,"19,807.83"
Bryn Melyn Care Ltd,"19,870.56"
The Means,"19,995.92"
Greenhill Jenner Partnership Ltd,"20,000.00"
Moor Information Systems Ltd T/A Moor Consulting,"20,000.00"
S P Homes T/AS Mulberry House,"20,021.91"
Edward Ofori- Afriye,"20,091.33"
Little Sisters Of The Poor,"20,159.09"
Redlands Resthome,"20,160.11"
South London Family Centre,"20,220.00"
Norbury Hall Residential Care Home,"20,575.47"
Greenwich Council,"20,611.03"
St Mary's Care Ltd,"20,684.83"
Lambeth Womens Aid - LWA,"20,776.40"
Mondale Estates Ltd,"20,904.89"
Acorn Residential Home,"21,016.02"
Banya Family Placement Agency,"21,026.33"
Hestia Housing And Support,"21,154.64"
Watmores Solicitors,"21,243.79"
Document Technology Ltd,"21,495.47"
Ashfords,"21,532.50"
Sherwood Cars Ltd.,"21,607.28"
Allied Supported Living Ltd,"21,636.17"
New Initiatives Youth & Community Assoc,"21,875.00"
Complete Care,"22,120.50"
XCEL 2000 Fostercare Services Ltd,"22,189.71"
Amber Care (East Anglia) Ltd,"22,215.52"
Hampton Project Ltd,"22,250.00"
Saltash Enterprises Ltd,"22,365.00"
Care Principles,"22,492.05"
Single Homeless Project,"22,739.76"
Basis Ltd,"23,050.00"
Diamond Build Plc,"23,278.14"
Badenoch & Clark,"23,377.02"
Southern Cross Healthcare Ltd,"23,448.93"
Plan Personnel,"24,036.86"
CfBT Education Trust,"24,080.00"
Penna Barkers,"24,124.25"
Solace Women's Aid,"24,154.24"
Furnace Managed Services Ltd,"24,186.00"
Next Step Fostering,"24,373.86"
AmicusHorizon Ltd,"24,406.52"
Mindstretchers Ltd,"24,451.25"
The Priory Lodge School,"25,000.00"
The Fostering Foundation Ltd,"25,136.00"
Alphatrack Systems Ltd,"25,390.48"
Castlebar Health Care Ltd,"25,725.97"
Metric Group Ltd,"26,117.63"
Atkins Ltd,"26,469.07"
Waterloo Action Centre,"26,646.18"
Temple Lifts Ltd,"27,099.80"
Insight,"27,360.12"
Steeles (Law) LLP,"27,439.91"
Sankofa Care Ltd,"27,445.67"
Clifton Manor,"27,816.61"
Mears,"27,839.43"
Shepheard Epstein Hunter Plc,"27,890.00"
Centre 70 Community Association,"28,096.00"
Royal Mencap Society,"28,717.94"
Age Concern,"28,819.32"
A*Transport Ltd.,"28,961.00"
Kartikeya Solutions Limited t/a Unique Children Home,"29,571.30"
Brixton Advice Centre,"29,588.00"
Leonard Cheshire Chipstead Lake,"29,943.08"
Catch22,"30,285.71"
acevo (Association of Chief Executives of Voluntary Organisations),"30,305.75"
The Caldecott Foundation,"30,455.02"
Tact,"30,605.08"
Anthony Gold Lerman & Muirhead,"31,082.33"
Enterprise Plc,"31,144.43"
Castlebeck Care (Teesdale) Ltd,"31,730.49"
Fusion Lifestyle Ltd,"32,034.00"
Dell Computer Corporation Ltd,"32,087.43"
Eagle House School,"32,435.34"
Gazprom Marketing & Trading Retail Ltd,"33,347.50"
Penrose Housing Association,"33,769.41"
Heathbrook Primary School,"33,776.43"
Carr-Gomm Society Limited,"33,987.80"
Gold Knight Trading Ltd,"34,096.96"
St Michaels Fellowship,"34,209.98"
Ethelbert Homes,"34,229.64"
DTZ DTL Limited,"34,500.00"
Greater London Fostering,"34,689.42"
KONE plc,"34,709.51"
English Churches Housing Group,"34,928.64"
Jamma Umoja (Residential Services) Ltd,"35,127.00"
Ekaya Housing Association Ltd,"35,384.56"
Fredericks Mechanical Services Ltd,"35,477.34"
Clapham Community Project,"35,854.03"
Hilife Construction Co Ltd,"36,890.16"
The Frances Taylor Foundation,"37,494.91"
Tribal Consulting Ltd,"38,408.57"
229 Mitcham Lane Ltd,"38,414.79"
Care Unlimited,"38,729.04"
Crownwise Ltd,"38,886.49"
John Pelling Partners,"39,118.94"
Merton Citizens Advice Bureaux Ltd,"39,987.39"
Sanctuary Care Ltd,"40,210.13"
Lambeth Law Centre,"40,347.72"
CT Plus,"40,590.27"
Alcohol Recovery Project,"41,164.16"
Lakehouse Contracts Ltd,"41,281.00"
BUPA Care Homes,"41,405.44"
Stonewest Ltd,"41,463.70"
Sorag Carers And Special Needs Project,"41,549.35"
Newham House Supporting People Ltd,"42,441.62"
Festival Care (Support) Ltd,"42,456.70"
Blakedown Landscapes (SE) Ltd,"42,848.82"
Orland Limited & Blue Chip Trading Limited No 2 Account,"43,060.50"
Nas Services Ltd,"44,086.51"
The Loddon School,"44,687.75"
South Bank Employers Group,"45,903.06"
The Electrical & Plumbing Co Ltd,"46,517.36"
Alzheimers Society,"47,092.05"
RedQuadrant Ltd,"47,600.00"
Deepdene Care Limited,"48,272.94"
South London YMCA,"48,631.57"
DWP Jobcentre Plus Number Account,"48,784.00"
Cunningham Lindsey United Kingdom,"50,000.00"
L'Arche Lambeth Community,"50,140.85"
Family Mosaic,"50,851.38"
Northgate Information Solutions Uk Ltd,"50,991.00"
Hunter & Partners,"51,154.28"
British Gas,"51,674.78"
Southern Electric Plc,"52,650.05"
Emo Oil Ltd,"52,865.57"
Sunbeam Fostering Agency Ltd,"52,900.61"
Court Lodge,"53,678.71"
Blizz Hotels,"53,946.21"
Black Cultural Archives,"54,170.94"
Go Mad Thinking,"54,793.80"
Nacro,"54,845.00"
Holmdene Housing Ltd,"56,428.21"
Regard Partnership,"56,598.08"
Metropolitan Housing Trust London,"57,832.21"
Holistic Community Care Ltd,"58,268.80"
Viglen Limited,"58,475.84"
Wellington Mills Housing Tmc,"59,016.78"
Sprunt Ltd,"61,160.08"
Gardiner & Theobald LLP,"61,229.70"
British Telecommunications Plc,"61,869.01"
Partnership in Care Ltd,"61,925.36"
Astra Homes Ltd,"62,599.15"
Kent County Council,"63,599.99"
Underley Educational Services,"64,489.60"
Holland Rise And Whitebeam Close Tmo,"64,692.50"
Laurels Care Centre Ltd,"64,846.04"
Cambian Autism Services Ltd,"65,872.01"
Richmond Management (Northern) Ltd,"66,250.00"
BHHI,"66,481.73"
Four Seasons Health Care Ltd,"66,923.11"
KPMG LLP,"67,500.00"
Supported Fostering Services,"68,459.26"
Families For Children (South) Ltd,"68,770.20"
Premier Security Solutions Ltd,"70,110.00"
Royal Bank Of Scotland Plc,"71,191.05"
Quality Protects Children Ltd,"73,364.31"
Lambeth Voluntary Action Council,"73,500.00"
Seytos Residential,"77,933.70"
Community Links Services,"80,966.14"
Tadley Horizon School,"81,216.31"
Ebonycare,"82,036.05"
ENER-G Combined Power Ltd,"82,870.27"
Gowlain Building Group Contractors Ltd,"84,540.76"
The Rathbone Centre,"84,800.82"
F S Properties,"85,519.25"
PricewaterhouseCoopers,"85,727.10"
Healthcare & Transport Services,"86,011.06"
Kingsdale Nursing Home,"86,547.99"
Cranfield Investments Ltd,"86,925.28"
Norbury Property Services (London) Ltd,"87,012.56"
Pacca TMO Ltd,"88,816.76"
Turners Cleaning & Support Services Ltd,"89,634.37"
Disability Advice Service Lambeth,"91,631.66"
Interserve Fm Limited,"92,406.94"
Westminster Home Care Ltd,"93,273.82"
Solor Care Group Ltd,"93,665.25"
Deloitte LLP,"93,692.00"
Liberty Printers Ltd,"95,143.64"
London South Bank University,"97,020.00"
Solid Homes Ltd,"99,274.93"
G & D Higgins Mechanical Services Ltd,"99,693.40"
British Gas Services Ltd,"100,192.93"
EPS Maintenance,"100,517.82"
Lambeth Community Health,"100,560.75"
Waltham Estate Resident Management Organisation,"101,201.52"
The Fostering Partnership,"103,040.45"
Metra Housing Co-Op,"105,796.35"
Lancedrum Ltd,"106,201.77"
Metropolitan Support Trust,"107,865.88"
Meadowside Building Development Ltd,"108,770.72"
Groundwork London,"109,248.88"
Caretech Community Services Ltd,"109,444.40"
Sense,"110,043.69"
ISS Eaton,"111,485.53"
T E Beach (Contractors) Ltd,"112,236.66"
Lambeth Mencap,"114,338.90"
Legion Group plc,"114,700.33"
Invicta Building Services Ltd,"115,102.00"
Cetra Housing Co-Operative Ltd,"120,462.46"
Blackford Education (Exmoor) Ltd Trading as Libra,"121,873.71"
National Fostering Agency,"124,330.18"
Cottington Close Tmc,"124,917.14"
Cambian Care Services,"125,723.78"
Foster Care Associates Ltd,"136,353.51"
Oco Ltd,"139,828.33"
Pinnacle Psg,"141,883.33"
Cmg Homes Ltd,"142,461.61"
Blenheim Gardens Tmo,"145,662.96"
Frankham Consultancy Group Ltd,"146,955.50"
Greenwich Leisure Limited,"147,620.69"
United Residents Housing,"148,254.32"
Carillion Capital Projects Ltd,"149,925.45"
Klearwater Supported Homes Ltd,"179,022.60"
Cowley EMB Ltd,"180,039.37"
Community Housing Association Ltd,"182,754.43"
Centrepoint Soho Ltd,"182,870.60"
Prime Estates Property Management,"188,662.50"
Corona Gas,"192,345.17"
Queens Oak Care Centre,"197,809.04"
Mr D S Taak,"210,840.03"
Neilcott Construction Ltd,"218,338.79"
Myatts Field North TMO,"223,667.85"
Allied Healthcare (Uk) Ltd,"232,796.90"
Limetree Healthcare Ltd,"237,939.70"
Windmill Care Centre,"243,372.37"
RM Education plc,"253,060.00"
Midos Estates Ltd,"260,657.72"
Lengard Ltd,"261,649.62"
London Councils,"261,951.79"
The Hesley Group Ltd,"268,420.85"
Roupell Park Residents Mgt Coop Ltd,"273,412.53"
Southside Partnership,"278,857.67"
St Mungo Association,"290,047.00"
Lambeth Lighting Services,"291,130.81"
Thorlands Emb,"296,567.75"
Ethelred Tmo,"325,065.28"
Quadrant Security Group Ltd,"346,657.50"
Interserve Technical Services Ltd,"348,662.05"
Capita Business Services Ltd,"349,543.60"
Lambert Smith Hampton,"375,970.63"
Denhan International,"403,218.85"
MJF Corporate Guarding Ltd,"412,598.95"
Mears Limited,"471,040.71"
Thames Reach Bondway,"483,312.97"
Fountains Environmental Ltd,"500,705.44"
Harrison Catering Services Ltd,"517,641.15"
Breyer Group Plc,"528,093.11"
NSL Limited,"559,095.33"
Loughborough Emb Ltd,"575,000.00"
F M Conway Ltd,"780,324.65"
Western Riverside Waste Authority,"1,065,446.76"
Morrison Facilities Services Ltd,"1,385,217.56"
Thames Water Utilities Ltd,"1,653,846.87"
Lambeth Living Ltd,"1,685,814.84"
Veolia ES (UK) Ltd,"2,041,992.46"
Matrix SCM Ltd,"2,495,546.62"
Engage Lambeth Limited,"3,932,196.05"
