Sum of Invoice Nett Amount,
Supplier Name,Total
Lambeth Living Ltd,"£2,909,121.01"
Western Riverside Waste Authority,"£2,159,010.99"
F M Conway Ltd,"£1,422,501.62"
Matrix SCM Ltd,"£1,354,068.40"
Morrison Facilities Services Ltd,"£1,079,711.74"
Veolia ES (UK) Ltd,"£1,056,062.38"
Harrison Catering Services Ltd,"£922,252.04"
Breyer Group Plc,"£843,728.72"
Lengard Ltd,"£748,128.19"
Mears Limited,"£644,904.88"
Loughborough Emb Ltd,"£589,143.60"
NSL Limited,"£486,188.75"
Capita Business Services Ltd,"£480,718.58"
Allied Healthcare (Uk) Ltd,"£475,768.91"
Ethelred Tmo,"£423,506.39"
Thames Reach Bondway,"£393,324.77"
Denhan International,"£385,288.52"
Department for Communities & Local Government,"£371,736.29"
Pitney Bowes Management Services Ltd,"£366,444.05"
Lambert Smith Hampton,"£353,870.58"
Cathedral (Clapham) Ltd,"£333,100.00"
Southside Partnership,"£321,064.98"
Jardine Lloyd Thompson UK Ltd,"£290,372.55"
Roupell Park Residents Mgt Coop Ltd,"£282,603.00"
St Mungo Association,"£271,449.09"
Lambeth Lighting Services,"£262,661.30"
Bircham Dyson Bell,"£260,000.00"
Myatts Field North TMO,"£258,699.60"
Interserve Technical Services Ltd,"£256,046.75"
Midos Estates Ltd,"£249,040.73"
Windmill Care Centre,"£235,521.64"
Limetree Healthcare Ltd,"£230,264.23"
Cowley EMB Ltd,"£211,461.00"
Lambeth Mencap,"£211,407.78"
Oco Ltd,"£211,291.20"
Mr D S Taak,"£198,296.40"
Thorlands Emb,"£197,832.00"
Queens Oak Care Centre,"£191,428.12"
Fountains Environmental Ltd,"£188,927.73"
ISS Eaton,"£185,503.34"
Cambian Care Services Ltd,"£181,399.70"
Eagle House School,"£176,194.38"
Blackford Education (Exmoor) Ltd t/a Libra,"£172,600.10"
Blenheim Gardens Tmo,"£166,863.00"
Hertel (UK) Ltd,"£162,447.15"
The Hesley Group Ltd,"£152,332.90"
Cetra Housing Co-Operative Ltd,"£149,253.00"
United Residents Housing,"£147,850.05"
Single Homeless Project,"£132,257.49"
Waltham Estate Resident Management Organisation,"£129,381.00"
Metropolitan Support Trust,"£116,640.66"
Lambeth Voluntary Action Council,"£116,604.26"
Kingsdale Nursing Home,"£116,116.52"
Metropolitan Housing Trust London,"£113,175.44"
Cmg Homes Ltd,"£112,424.09"
Pacca TMO Ltd,"£112,353.00"
Cottington Close Tmc,"£108,564.00"
Sense,"£104,461.12"
Coin Co International Plc,"£103,910.17"
Hyder Consulting Ltd,"£102,094.27"
Turners Cleaning & Support Services Ltd,"£101,717.26"
Solor Care Group Ltd,"£98,023.00"
Gallagher Bassett International Ltd,"£97,501.00"
Gold Knight Trading Ltd,"£95,524.63"
Aon,"£95,072.46"
Saltash Enterprises Ltd,"£95,026.65"
Lambeth Community Health,"£94,680.27"
South Bank Employers Group,"£94,470.06"
Baily Garner,"£93,891.65"
Enterprise Plc,"£91,556.35"
London Power Networks plc,"£91,152.00"
Southern Electric Plc,"£90,103.55"
Healthcare & Transport Services,"£89,664.06"
Caretech Community Services Ltd,"£88,161.46"
Hilife Construction Co Ltd,"£88,101.72"
Westminster Home Care Ltd,"£87,644.61"
The Mulberry Bush School,"£86,837.56"
Chatsworth Care,"£83,530.82"
Ethelbert Homes,"£82,057.05"
Compass,"£82,000.00"
Family Mosaic,"£81,291.79"
F S Properties,"£80,950.65"
Centrepoint Soho Ltd,"£80,229.65"
Holland Rise And Whitebeam Close Tmo,"£79,992.00"
Norbury Property Services (London) Ltd,"£79,594.24"
British Gas Business,"£78,935.16"
Stonewest Ltd,"£78,698.98"
Sherico Care Homes Ltd,"£78,213.94"
Alphatrack Systems Ltd,"£78,181.59"
The Fostering Partnership,"£78,156.60"
Metra Housing Co-Op,"£78,106.75"
Cunningham Lindsey United Kingdom,"£76,264.00"
Regard Partnership,"£74,941.84"
South London YMCA,"£74,470.12"
Anthony Gold Lerman & Muirhead,"£73,286.11"
Look Ahead Housing & Care Ltd,"£73,058.45"
IQRA Independent School,"£72,653.00"
388 STREATHAM HUB LTD,"£69,828.50"
British Telecommunications Plc,"£69,217.28"
National Fostering Agency,"£68,330.98"
Wellington Mills Housing Tmc,"£67,855.75"
Sorag Carers And Special Needs Project,"£67,525.32"
Families For Children (South) Ltd,"£67,079.02"
EPS Maintenance,"£66,661.89"
Klearwater Supported Homes Ltd,"£66,430.39"
Lambeth College,"£66,295.24"
Solace Women's Aid,"£64,697.29"
Cambian Care Services,"£62,861.89"
Castlebeck Care (Teesdale) Ltd,"£62,437.42"
The Rathbone Centre,"£62,101.45"
The Weir Link,"£61,187.50"
Trustmarque Solutions Ltd,"£60,991.25"
Frontier Support Services Ltd,"£60,850.08"
Supported Fostering Services,"£60,380.76"
BHHI,"£60,088.24"
Barlow Lyde & Gilbert,"£59,366.80"
Pinnacle Psg,"£58,970.65"
Oakfield Nursery,"£58,526.00"
Blossom House School,"£57,895.00"
English Churches Housing Group,"£57,382.77"
London Councils,"£55,341.25"
Clapham Park Project,"£55,296.32"
Shepheard Epstein Hunter Plc,"£54,707.50"
Kelly Executive,"£53,389.90"
Lambeth Law Centre,"£52,995.60"
Blizz Hotels,"£52,879.97"
North Hill House Priory,"£52,801.30"
Diamond Build Plc,"£52,236.30"
British Gas Services Ltd,"£50,760.33"
Laurels Care Centre Ltd,"£50,692.51"
Royal Mencap Society,"£50,411.52"
Broadway,"£50,369.74"
Four Seasons Health Care Ltd,"£50,191.49"
Care Unlimited,"£49,846.89"
Esro Ltd,"£48,400.00"
Partnership in Care Ltd,"£48,241.80"
BUPA Care Homes,"£46,514.35"
CT Plus,"£46,030.27"
Apollo Property Services Group Ld,"£46,022.52"
One London Ltd,"£45,377.44"
Atkins Ltd,"£45,061.28"
Tunstall Group,"£43,908.08"
Nak Centre,"£42,875.25"
Sherwood Cars Ltd.,"£42,838.23"
Ruskin Private Hire,"£42,445.00"
Orland Limited & Blue Chip Trading Limited No 2 Account,"£42,225.00"
Newham House Supporting People Ltd,"£42,072.38"
Whippersnappers,"£41,706.00"
Cycle Training UK Ltd,"£41,387.50"
Sanctuary Care Ltd,"£41,304.13"
Avocent Software Limited,"£40,800.00"
Jamma Umoja (Residential Services) Ltd,"£40,149.00"
Groundwork London,"£39,493.00"
Viglen Limited,"£39,339.70"
Advocacy Partners Speaking Up,"£39,118.00"
Ekaya Housing Association Ltd,"£38,998.80"
Banya Family Placement Agency,"£38,676.54"
Swaay,"£38,515.40"
AmicusHorizon Ltd,"£38,331.28"
Royal London Society for the Blind,"£38,256.42"
CAI Vision Ltd,"£37,413.16"
Nacro,"£36,547.98"
Youth Justice Board For England And Wales,"£35,864.04"
Clapham Community Project,"£35,854.03"
Meadowside Building Development Ltd,"£35,791.36"
Lynstead Childrens Services,"£35,153.10"
Hestia Housing And Support,"£34,754.05"
Centre 70 Community Association,"£34,716.00"
The Frances Taylor Foundation,"£34,455.74"
Pellings LLP,"£34,258.30"
Holistic Community Care Ltd,"£32,742.24"
Tumblewood Community,"£31,714.20"
Lifeways Community Care Limited,"£31,496.52"
Leonard Cheshire Chipstead Lake,"£31,342.77"
Cambridge Education @ Islington,"£31,151.00"
4Children Trading Ltd,"£31,148.13"
Penna Barkers,"£30,825.00"
Sanctuary Carr-Gomm,"£30,631.60"
Montrose Building Services Ltd,"£30,369.34"
Foster Care Associates Ltd,"£30,127.08"
A*Transport Ltd.,"£29,746.25"
Cuttle Construction Ltd,"£29,646.69"
Brixton Advice Centre,"£29,588.00"
Miss Sarah Fraser Butlin,"£29,181.99"
LEAP Training Ltd,"£28,606.00"
Tact,"£28,437.87"
Community Housing Association Ltd,"£28,323.28"
South Bank Centre London,"£28,178.48"
Frankham Consultancy Group Ltd,"£28,037.09"
Energy Auditing Agency Limited,"£27,818.75"
Kirkstall Lodge Ltd,"£27,761.14"
Integrated Services Programme,"£27,519.30"
Victim Support Lambeth,"£27,500.00"
Orbis Property Protection Ltd,"£27,500.00"
St John's School & College,"£27,486.00"
Solid Homes Ltd,"£27,438.33"
Ebonycare,"£27,289.32"
Greenhill Jenner Partnership Ltd,"£27,146.34"
Penrose Housing Association,"£27,101.74"
Camden Society,"£27,000.00"
Mace Ltd,"£26,797.95"
SV LAW,"£26,500.50"
Thames Water Utilities Ltd,"£26,436.96"
Incasso Debt Recovery,"£25,381.00"
The Fostering Foundation Ltd,"£25,341.56"
Virgin Media Business,"£25,258.48"
Foundation66,"£24,758.80"
Deepdene Care Limited,"£24,447.44"
Unique Personnel (Uk) Ltd,"£24,311.71"
Merton Citizens Advice Bureaux Ltd,"£23,675.50"
Galaxy Lettings Ltd,"£23,625.00"
Acclaim Contracts Ltd,"£23,614.51"
VisionWare Plc,"£23,337.00"
MLM Consulting Engineers Ltd,"£22,913.65"
AWICS,"£22,779.01"
Refuge,"£22,668.08"
The Salvation Army - The Haven,"£22,601.92"
Greenwich Council,"£22,522.53"
Hampton Project Ltd,"£22,250.00"
Mr J K S Patel,"£21,957.00"
Charlie Chaplin Adventure Playground,"£21,750.00"
Holmdene Housing Ltd,"£21,418.00"
Medicrest Limited t/a Acorn Care Homes,"£21,149.82"
Waterloo Action Centre,"£20,720.00"
Independent Community Care Management,"£20,696.00"
J S Estates Ltd,"£20,568.48"
Little Sisters Of The Poor,"£20,507.74"
Astra Homes Ltd,"£20,465.08"
Choice Support,"£20,452.80"
Steeles (Law) LLP,"£20,178.75"
Gardiner & Theobald LLP,"£20,178.35"
St Martin Of Tours Housing Association,"£20,103.77"
KONE plc,"£20,075.77"
Age Concern Lambeth,"£20,045.68"
Interserve Fm Limited,"£19,613.05"
Red Alert Ltd,"£19,498.57"
Bryn Melyn Care Ltd,"£19,406.27"
City Suburban Tree Surgeons,"£19,400.00"
Independence Homes Ltd,"£19,213.34"
Sternberg Reed Taylor & Gill Sols,"£18,846.36"
Sussex Health Care,"£18,842.85"
Callaway & Co,"£18,772.50"
Tomorrow's People Trust Ltd,"£18,583.05"
Trimmer CS,"£18,487.30"
RM Education plc,"£18,289.00"
The Appropriate Adult Service,"£18,250.02"
R R Richardson Plc,"£18,068.66"
Be My Family Fostering Agency Ltd,"£17,956.86"
Lakeside Nursing & Residential Home,"£17,793.09"
Experian Ltd,"£17,707.58"
Redlands Resthome,"£17,448.07"
Elm Park Nursery,"£17,418.00"
Whole Nine Yards Productions Ltd.,"£17,000.00"
By The Bridge,"£16,878.08"
Fostering Outcomes,"£16,836.42"
John Pelling Partners,"£16,595.32"
Hazeldene Ltd,"£16,565.62"
CLASSROOM,"£16,563.00"
Parkview Nursing Home,"£16,508.71"
Glancestyle Care Homes Ltd,"£16,505.99"
Care Principles,"£16,430.00"
S Stavrou,"£16,315.00"
Libra Construction Services Ltd t/a Libra Building,"£16,128.46"
Anglo Spanish Nursery,"£15,998.00"
Carewatch (Lambeth),"£15,836.96"
Supreme Education PLC,"£15,830.04"
Mpower Ltd,"£15,753.65"
Whitehall Consultants,"£15,750.00"
Gibsons Lodge,"£15,632.95"
The Children's Society (Services) Ltd,"£15,625.00"
Dementia UK,"£15,620.00"
Gas Advisory Services Ltd,"£15,208.20"
Time For Children Ltd,"£15,200.00"
Southern Cross Healthcare Ltd,"£15,104.83"
Heath Farm Family Services,"£15,090.54"
Kartikeya Solutions Limited t/a Unique Children Home,"£15,057.01"
Shared Care Network,"£15,000.00"
Participle Ltd,"£15,000.00"
Streatham & Clapham High School,"£14,946.50"
Parkcare Homes Ltd (No.2) - KENT,"£14,922.20"
Mental Health Care Uk Ltd,"£14,918.53"
Priory Secure Services Chadwick Lodge,"£14,880.00"
Robert Owen Communities,"£14,673.03"
Woodentops Kindergarten,"£14,598.00"
The Caldecott Foundation,"£14,531.40"
Ashbrook House Ltd,"£14,520.20"
Springfield Road Ltd,"£14,392.68"
Lilford Day Care Centre,"£14,378.00"
CLG Enterprises,"£14,356.88"
Watts Group PLC,"£14,076.13"
Saint John of God Hospitaller Services,"£14,000.00"
Harvey Nash Plc,"£13,872.70"
Ashcroft Care Services,"£13,849.03"
Norwood Manor Nursery,"£13,816.00"
Ascendit Lifts Ltd,"£13,675.00"
LDC Ltd,"£13,646.74"
CIPFA,"£13,625.00"
Adminland Ltd,"£13,512.00"
Making Space,"£13,486.66"
Network Utilities (System) Ltd,"£13,448.75"
Hi Life Properties Ltd,"£13,411.49"
Seytos Residential,"£13,360.20"
Broome Park Nursing Home,"£13,285.72"
Leonard Cheshire Disability,"£13,157.36"
Eversheds LLP,"£13,121.01"
Cavendish Lodge Nursery,"£13,026.00"
Southern Adolescent Care Services Ltd,"£12,981.30"
ASRA Greater London Housing Association Ltd,"£12,945.06"
David Ogilvie Engineering Ltd,"£12,834.00"
Norwood Ravenswood Services Ltd,"£12,815.71"
Blakedown Landscapes (SE) Ltd,"£12,726.60"
Together Working for Wellbeing,"£12,719.79"
Consensus Healthcare Ltd,"£12,688.67"
Manon House,"£12,685.72"
Capital Community Foundation,"£12,618.00"
Family Ties Contact Centre,"£12,536.15"
South Thames Crossroads,"£12,500.00"
Northgate Information Solutions Uk Ltd,"£12,500.00"
Idox Software Ltd,"£12,440.96"
eBizApps,"£12,350.00"
Gleeds Management Services Ltd,"£12,219.67"
Gresham Care,"£12,139.61"
Furnace Managed Services Ltd,"£12,093.00"
Ashdene House Ltd,"£11,973.30"
L K Recruitment Ltd,"£11,940.45"
Oval House,"£11,931.75"
Lambeth Music Education Trust,"£11,916.17"
Wainwright and Cummins Solicitors,"£11,724.97"
Turner & Townsend Cost Management Ltd,"£11,700.00"
DHL Supply Chain,"£11,700.00"
Khair Day care,"£11,674.00"
RSP Rail Travel Account,"£11,631.05"
Cook Hammond & Kell,"£11,597.00"
Ability Housing Association,"£11,537.57"
In Toto Theatre,"£11,459.00"
Watmores Solicitors,"£11,365.00"
Stanthorpe Hotel,"£11,306.40"
Vane Hill Care Homes,"£11,235.71"
Prime Time Recruitment Ltd,"£11,163.83"
Leigham Lodge Limited,"£11,143.21"
Amber Care (East Anglia) Ltd,"£11,107.76"
Keyring Living Support Network,"£11,085.01"
Emo Oil Ltd,"£11,063.24"
St Marys Lodge,"£11,042.59"
Mr F Hosanee,"£10,961.97"
Coalition for Independent Living,"£10,900.00"
Allied Supported Living Ltd,"£10,891.88"
Gazprom Marketing & Trading Retail Ltd,"£10,765.98"
Ashchurch House Ltd,"£10,763.78"
Macintyre Care,"£10,763.25"
Streatham Montessori Nursery School,"£10,644.00"
Odyssey Care Solutions For Today,"£10,630.80"
St Thomas' Day Nursery,"£10,590.00"
Metalworks (London) Ltd,"£10,522.00"
Community Links Services,"£10,458.93"
Hutton Construction,"£10,404.58"
Holibrook House Ltd,"£10,400.00"
Link Fostering Agency,"£10,382.25"
Blocklin House Ltd,"£10,368.30"
Unicorn House,"£10,124.00"
HCSS Education Ltd,"£10,080.00"
Zurich Municipal,"£10,000.00"
Lambeth Womens Project,"£10,000.00"
Elementa Consulting Ltd,"£9,972.73"
Kairos Community Trust,"£9,935.96"
Fairlie House,"£9,867.13"
London & Essex Newspapers Ltd,"£9,707.50"
Rainbow Fostering Services Ltd,"£9,674.16"
British Gas,"£9,648.09"
Care2Share Residential Family Centre,"£9,600.00"
St Anne's Community Centre,"£9,587.17"
Ncype,"£9,561.90"
The Chestnuts Limited,"£9,532.16"
Mission Care,"£9,457.29"
Greater London Fostering,"£9,444.37"
Corona Gas,"£9,442.10"
St Nicholas Lodge,"£9,410.00"
The Technology Forge,"£9,368.00"
Ms Mary White,"£9,200.00"
Saffronland Homes,"£9,185.79"
Broomwood Hall School,"£9,148.00"
In Touch Support Ltd,"£9,117.86"
Albany Lodge Nursing Home,"£9,117.35"
Translinc Ltd,"£9,098.56"
Mode Access Mobility,"£9,056.57"
Chatsworth Baptist Church Pre-School,"£9,050.00"
West London Mission,"£9,040.05"
Centre For Young Musicians,"£9,000.00"
Bovells Lodge,"£8,939.55"
Mindstretchers Ltd,"£8,900.00"
Vietnamese Mental Health Services,"£8,775.29"
Beacon Care Ltd,"£8,730.14"
Dunelm Grove Pre-School,"£8,648.67"
Consensa Care,"£8,513.52"
SP Fleet Limited,"£8,487.35"
National Autistic Society,"£8,482.66"
Brockwell Park Management Advisory Committee,"£8,465.00"
Mount Carmel,"£8,441.31"
Independent Lifestyles SS LLP,"£8,409.72"
Plan Personnel,"£8,314.50"
Children First Fostering Agency Ltd,"£8,290.62"
Glen Care Group,"£8,250.00"
P E Modile T/A Laglin House,"£8,242.20"
St Patricks Nursery School,"£8,182.00"
Coral Community Assessments,"£8,172.00"
Anthony Gold Solicitors,"£8,160.00"
Willow Nursery,"£8,142.00"
Intec For Business Ltd,"£8,134.55"
Path National Ltd,"£8,086.25"
Wernick Hire Ltd,"£8,015.71"
Rainbow Smiles,"£7,978.00"
L & C Gregson Limited,"£7,847.34"
Iron Mountain Uk Ltd,"£7,799.95"
Home-Start Lambeth,"£7,788.30"
Bailey Simpson & Associates,"£7,746.75"
Dobbs Construction,"£7,742.50"
Joycare Home Services Ltd,"£7,712.39"
Somali Carers Project,"£7,700.48"
Voyage,"£7,642.22"
Southern Care Ltd,"£7,637.16"
Whitehouse Day Nursery,"£7,596.00"
Roadways & Car Parks Ltd,"£7,590.70"
LEDNET (The London Environment Director's Network,"£7,500.00"
Aecom Ltd,"£7,500.00"
The Priory Grange St Neots,"£7,469.87"
Belshaw Curtin Sols,"£7,450.00"
The Children's Family Trust,"£7,402.53"
Criminal Records Bureau,"£7,386.00"
G M B ,"£7,358.35"
Burgess Park Care Centre,"£7,355.08"
Kingsmead Nursing Home,"£7,316.10"
London South Bank University,"£7,310.00"
Future Health & Social Care Association C.I.C,"£7,223.15"
National Society For Epilepsy,"£7,214.23"
Cyclepods Ltd,"£7,200.00"
Ms Diane Wilson,"£7,200.00"
Home Farm Trust Ltd,"£7,132.64"
Ayerst Environmental Ltd,"£7,125.00"
Roughton London Ltd,"£7,125.00"
Atlas Healthcare Ltd,"£7,094.80"
Judith Wilson Consulting,"£7,087.50"
Cascade Care,"£7,064.44"
Creative Environmental Networks,"£7,053.64"
Royal Association for Deaf People,"£7,023.25"
Transition Town Brixton,"£7,000.00"
SPG Consultants Ltd,"£7,000.00"
Nabarro & Nathanson,"£7,000.00"
Kennington United Cricket Club,"£7,000.00"
N Notaro Home Ltd.,"£6,995.87"
CACI Limited,"£6,951.00"
Land Use Consultants,"£6,903.20"
Dell Computer Corporation Ltd,"£6,901.75"
ADR Care Homes Limited,"£6,894.60"
ABBA/Mechatronics,"£6,887.60"
Toad Hall Montessori Nursery,"£6,865.17"
Western Counselling Services Ltd,"£6,842.20"
Take Control Training & Consultancy Ltd,"£6,840.00"
Sankofa Care Ltd,"£6,777.84"
Citibank NA,"£6,733.15"
Pixies Pre-School,"£6,732.00"
Independent Thinking Ltd,"£6,704.90"
Shaftesbury Housing Group,"£6,691.23"
Bright Futures Day Nursery,"£6,680.00"
Castlebar Health Care Ltd,"£6,665.62"
P E Wilson & Co,"£6,661.00"
Basis Ltd,"£6,650.00"
Care Tech Foster Care Ltd,"£6,618.94"
Chrysalis Community Care Group Ltd,"£6,560.61"
Glenroyd House Ltd,"£6,549.90"
Sita UK Ltd,"£6,547.32"
Big D Furniture Ltd,"£6,534.00"
Ridge & Partners,"£6,529.79"
Construction Skills,"£6,500.00"
Priory Rehabilitation Services Ltd Grange Potters Bar,"£6,474.43"
Database Developments Ltd,"£6,465.00"
Viridian Housing,"£6,401.17"
Mondale Estates Ltd,"£6,372.97"
Dannatt Johnson Architects,"£6,300.00"
O2 (UK) Ltd,"£6,290.02"
TTSP,"£6,287.00"
Triangle,"£6,240.00"
Community Trust Housing,"£6,220.75"
St Christophers Fellowship,"£6,217.98"
Tycos UK Ltd,"£6,211.00"
Clapham Montessori Nursery,"£6,172.00"
Kirkdale Care Centre,"£6,128.58"
Wessex Regional Care Ltd.,"£6,104.40"
Learning Plus UK,"£6,087.78"
Eaves Housing For Women Ltd,"£6,000.00"
LKA Educational Consultancy,"£6,000.00"
Credo Care Ltd,"£5,992.00"
George Potter Care Home Limited,"£5,985.48"
Outlook Fostering Services Ltd,"£5,984.86"
Sunbeam Fostering Agency Ltd,"£5,948.71"
Royal Mail,"£5,945.98"
Richardson Partnership Care,"£5,925.81"
Royal Bank Of Scotland Plc,"£5,845.51"
James Kane Nursery,"£5,822.50"
St Michaels Pre-School,"£5,727.17"
Allied Care Ltd,"£5,716.80"
AIT Partnership Group Ltd,"£5,707.60"
Lambeth Walk Day Nursery,"£5,688.00"
LCRN,"£5,675.00"
Orange Personal Communications Services Ltd,"£5,610.10"
The Community Technology Project,"£5,599.00"
Supreme Care Services Ltd,"£5,591.07"
Truecare Group Ltd,"£5,574.57"
Tinkers Hatch,"£5,505.08"
New Way Educational Consultants Ltd,"£5,500.00"
Stor-a-File Imaging Ltd,"£5,470.22"
Collinstown Construction Ltd,"£5,444.18"
Solace Community Care Ltd,"£5,441.81"
The Crescent (Family & Assessment Centre),"£5,400.00"
Berridge Road Estate Tenants & Residents Association,"£5,395.00"
University Of Birmingham,"£5,365.00"
Clifton Manor,"£5,341.80"
Access Mobility Transport Ltd,"£5,327.00"
Guys & St Thomas NHS Trust,"£5,306.03"
Crofton Design,"£5,269.30"
Kingscare Fostering Agency Ltd,"£5,200.20"
Fulham FC Football & Community Scheme Ltd,"£5,186.50"
Stockwell Park Early Years,"£5,174.00"
Family Investment Four Ltd,"£5,142.96"
Skills Training Centre Ltd,"£5,122.00"
Wetton Cleaning Services Ltd,"£5,105.70"
Ferndale Road Day Nursery,"£5,090.00"
Life Environmental Services LTD,"£5,076.00"
Equinox Ltd,"£5,067.18"
Beulah House Hotel,"£5,020.00"
People First In Lambeth,"£5,000.00"
Sir Frederick Snow & Partners Ltd,"£4,973.78"
Kids & Play Mobile Creche,"£4,944.73"
Clapham Park Montessori,"£4,941.17"
Playcare Lambeth,"£4,936.00"
Park View Care Centre,"£4,896.40"
Cottisbraine House,"£4,834.61"
Oxford Computer Consultants Ltd,"£4,810.00"
Univent Ltd,"£4,807.50"
More House School,"£4,805.00"
S A Nortey,"£4,800.00"
Orchids Fostering for Children LLP,"£4,794.92"
Larkfield Hall Ltd,"£4,763.69"
Goldsborough Home Care,"£4,762.86"
YMCA George Williams College,"£4,758.00"
ARVAL PHH,"£4,752.53"
Beckett Corporation Ltd,"£4,720.00"
Nottingham City Council,"£4,679.33"
Child Focus Fostering Agency,"£4,678.24"
Waldorf School of South West London,"£4,670.00"
Smart Teachers,"£4,646.00"
Ruskin House School,"£4,620.00"
Esri (UK) Ltd,"£4,609.50"
Open Objects Software Ltd,"£4,606.00"
Voice For The Child In Care,"£4,598.02"
Milbury Care Services Ltd,"£4,554.64"
Xafinity Consulting Ltd.,"£4,500.00"
Neesom Associates,"£4,500.00"
Springmarsh Homes Ltd,"£4,497.38"
Market Intelligence International,"£4,488.00"
Alexander Family Nursing Home,"£4,470.51"
United Response,"£4,361.39"
Gatehouse Media Limited,"£4,329.90"
Automotive Leasing Limited,"£4,326.00"
Loughborough Community Centre Creche,"£4,308.00"
Avens Ltd,"£4,305.44"
Nxt Steps Association,"£4,270.86"
Enigma Business Services Ltd,"£4,270.00"
Cyclehoop Ltd,"£4,267.00"
Mentivation Services,"£4,265.00"
Royal Masonic Benevolent Institution,"£4,264.98"
London Grid For Learning,"£4,250.00"
The Artemis Team Ltd,"£4,226.25"
Cameron Lodge Residential Care,"£4,224.64"
Anchor Trust,"£4,196.58"
Hereson House Ltd,"£4,185.64"
Edf Energy Plc,"£4,170.80"
Ellis Williams Architects,"£4,167.00"
East View Housing,"£4,163.70"
Champions Place,"£4,134.69"
Hope Worldwide,"£4,129.81"
London Borough of Hammersmith & Fulham,"£4,110.00"
Hilldales Residential Care Homes,"£4,071.43"
Conquest Hotel,"£4,030.00"
Benecare Education & Residential Child Care,"£4,000.00"
Mike Richardson,"£4,000.00"
Mr John Stephens,"£4,000.00"
Vosse Court Limited,"£3,972.30"
Beacon House Nursing Home,"£3,971.19"
Acorn Village,"£3,963.83"
Bacs Payment Schemes Ltd,"£3,948.95"
Scotts Project Trust,"£3,906.96"
Korcare Ltd,"£3,900.00"
Penna Plc,"£3,900.00"
Heritage Music,"£3,877.80"
Oakfield Easton Maudit Ltd,"£3,857.30"
Asquith Court Pre-School - 1,"£3,844.00"
BAAF,"£3,823.00"
Crownwise Ltd,"£3,807.14"
Tracescent Ltd,"£3,757.37"
Veronique Kaboha,"£3,745.42"
Priory The Vines,"£3,727.92"
Graham House Residential Care Home,"£3,722.10"
XCEL 2000 Fostercare Services Ltd,"£3,718.27"
Speak First Ltd,"£3,700.00"
QA-IQ Ltd.,"£3,700.00"
Tinytots Nursery & Daycare Centre,"£3,668.00"
Independent Lifestyle Options DCA Ltd,"£3,642.86"
F & C Consulting Services,"£3,640.00"
Luisa Ribeiro,"£3,600.00"
Chrysalis Care,"£3,585.54"
16 Plus Independent Living Project,"£3,562.21"
Tia Ana's Nursery Ltd,"£3,562.00"
Cricklade House,"£3,542.90"
Ark On The Park,"£3,524.00"
The Spires Centre,"£3,500.00"
Catch22,"£3,497.79"
Monkey Puzzle Day Nurseries Ltd,"£3,476.00"
Synergy Fostering,"£3,454.33"
St Georges Nursing Home,"£3,450.00"
Sophie Centre,"£3,438.53"
Capital Cars,"£3,434.00"
Bright Idea,"£3,422.50"
Focused Fostering,"£3,405.57"
Squirrels Nursery School,"£3,397.17"
Holls Solicitors,"£3,378.38"
Safety Systems Distribution Ltd.,"£3,362.50"
Safehouses,"£3,359.51"
IBM United Kingdom Ltd,"£3,347.04"
Trowers & Hamlins,"£3,336.69"
Stepping Stones Community Nursery,"£3,330.00"
Emergent Research & Consulting Ltd,"£3,320.00"
Parkcare Homes No 2 Ltd,"£3,313.61"
SECOM Plc,"£3,290.00"
Courier Cars,"£3,278.25"
Brain Injury Rehabilitation Trust,"£3,270.98"
Dunheved Lodge,"£3,269.42"
Computacenter (UK) Ltd,"£3,255.00"
The Topp Partnerrship Ltd,"£3,246.92"
Vermont Lodge,"£3,228.28"
Whatever Design Ltd,"£3,194.00"
Riverbank Park Plaza,"£3,190.64"
Fieldside Care Home,"£3,165.66"
HQN Ltd,"£3,158.00"
Action For Children,"£3,152.00"
Beckenham Management Services Ltd,"£3,150.00"
H2o Culture & Sport Project Management Ltd.,"£3,150.00"
CfBT Education Trust,"£3,128.00"
Sterling International Brokers Ltd,"£3,125.00"
Complete Energy Certificates Ltd,"£3,123.76"
Wrixon Care Services,"£3,112.75"
Cherrycroft Care Home Limited,"£3,095.10"
2nd Step Nursery & Pre-School,"£3,080.00"
Jacqui Bowers,"£3,060.00"
Milton Court Care Centre,"£3,030.00"
Prosolve Software Ltd,"£3,030.00"
Vassall Road Pre-School,"£3,019.17"
Ros Scherler,"£3,000.00"
RollingSound,"£3,000.00"
Pearl House,"£2,997.88"
St Johns Nursing Home Ltd,"£2,956.92"
Presentation,"£2,946.76"
Bs Project Services Ltd,"£2,943.13"
Sheils Flynn Ltd,"£2,940.00"
ADP Consultancy,"£2,937.50"
Key Traffic Systems Ltd,"£2,925.00"
Ashmill Residential Care Home Ltd,"£2,901.94"
Care of Three Ltd,"£2,879.59"
Climate Energy Solutions Ltd,"£2,866.50"
Strettons Clients Account,"£2,866.07"
Rosewood Building & Maintenance Services,"£2,855.13"
Raglan Housing Association,"£2,837.87"
Asquith Court Pre-School(2),"£2,826.00"
First Step South,"£2,816.52"
Maria's Kitchen,"£2,810.00"
Hackney Homes Ltd,"£2,800.00"
Coin Street Community Builders Ltd,"£2,770.00"
Windmill Gateway Club,"£2,712.75"
CIPFA Business Limited,"£2,705.00"
Thelma Suzanne Miller,"£2,700.00"
Baby Room,"£2,700.00"
Sunbeam Day Nursery,"£2,696.00"
Hillcrest Care Ltd,"£2,675.40"
The Lifecare Centre,"£2,619.00"
Adoption Uk,"£2,617.64"
Judge & Priestley Solicitors,"£2,610.87"
Summers-Inman,"£2,600.00"
Whitworth Lodge,"£2,594.09"
Godstone Village School,"£2,555.00"
Wentworth Croft,"£2,554.42"
The Clarkson Alliance,"£2,548.00"
Landmark Chambers,"£2,500.00"
Prospect Housing & Support Services,"£2,476.46"
TGMS Ltd,"£2,460.00"
Drewstead Lodge,"£2,456.55"
Family Care Homes Ltd,"£2,449.59"
Parkeon Ltd,"£2,436.60"
Premier Care Ltd,"£2,436.08"
The Friendly Almshouses,"£2,415.46"
Ofsted Early Years,"£2,404.27"
The Hornchurch Nursing Centre,"£2,400.00"
TBG Learning,"£2,400.00"
Greyhound Cars,"£2,360.00"
The Association of Directors of Children's Services,"£2,351.25"
Axcis Education Recruitment,"£2,340.00"
D Sully & Son Limited,"£2,330.54"
George Browns,"£2,323.00"
3rd Leg Limited,"£2,304.00"
Cromwood Ltd,"£2,290.00"
Ontiles Ltd,"£2,288.65"
MAS Systems Ltd,"£2,268.00"
TPP Law Ltd,"£2,252.40"
Roseacre Care Ltd,"£2,247.81"
Property Facilities Group PLC,"£2,243.77"
Care and Residential Homes Ltd,"£2,207.57"
Safe & Sound,"£2,205.00"
The Swallows,"£2,185.93"
Nightingale House,"£2,181.43"
Fryers Walk Vct Ltd,"£2,181.08"
Enmore Lodge Ltd,"£2,173.36"
Reliance Secure Task Management Ltd,"£2,162.94"
The Queen Alexandra Hospital Home,"£2,157.26"
Joseph Rochford Gardens Ltd,"£2,151.40"
West Lodge Nursing & Residential Home,"£2,148.43"
Kilncroft Rest Home,"£2,147.36"
Abbeyfield Stangrove Lodge,"£2,128.46"
Willis Palmer,"£2,110.50"
LiftStore Limited,"£2,102.00"
London Letterbox Marketing,"£2,095.56"
Jacqueline Delaney,"£2,074.80"
Primelife,"£2,072.57"
BUPA Care Services,"£2,042.83"
Christ the King Residential Care Homes Ltd,"£2,012.83"
Bentley Systems International Ltd,"£2,010.00"
Tamaris South East Ltd,"£2,008.89"
Ms Andrea Garvey,"£2,004.08"
Sara Bubb Consultancy,"£2,000.00"
Tribal Consulting Ltd,"£1,991.00"
Spectrum Plastics,"£1,986.15"
Eaton Square School,"£1,980.00"
Kaplan Professional,"£1,979.00"
Freeways Trust Ltd,"£1,975.24"
Leys Park Care Centre,"£1,960.37"
Laserform International Ltd,"£1,940.00"
Saxon Court,"£1,938.69"
Excelcare Ltd,"£1,920.13"
Express Cabs & Couriers Ltd,"£1,920.00"
Holmwood Nursing Home Ltd,"£1,918.91"
Star Child Nursery,"£1,912.00"
Tadley Horizon School,"£1,910.00"
Abbeyfield The Dynes,"£1,907.14"
Mime Consulting Ltd,"£1,900.00"
The London Care Project,"£1,892.53"
Windmill Playgroup,"£1,880.00"
Rusthall Lodge Nursing Home,"£1,864.04"
Hewlett Packard Ltd,"£1,840.51"
Abbeyfield Society Ltd,"£1,838.75"
Associated Care Services Ltd,"£1,838.57"
Foley House,"£1,826.97"
Beech Care Ltd,"£1,820.98"
Hi Tec (Laboratories) Ltd,"£1,800.00"
EMM LANE AND WESTBANK CARE HOME,"£1,779.27"
Dudley House Care Home,"£1,732.94"
Howard Castle Care Centre,"£1,731.43"
Watts and Partners,"£1,712.97"
Charing Healthcare,"£1,697.14"
"Training, Consultancy and Practice Ltd.","£1,687.50"
Abastra Asbestos Removal Service Ltd,"£1,660.00"
Nicholas James Care Homes Ltd,"£1,658.70"
OAK Residential Home,"£1,657.43"
TM Search Choice Ltd,"£1,648.60"
Croham Care Services,"£1,648.32"
New Century Care Ltd,"£1,633.59"
Dr D C Patel and Partners,"£1,625.00"
Kenwood Care Home,"£1,612.38"
Mr E J Betts,"£1,580.00"
Mace Montessori Schools Ltd,"£1,570.00"
Ecotricity,"£1,554.02"
The City Literary Institute,"£1,550.00"
Masters Legal Costs Services,"£1,546.70"
Elmwood Nursing Home,"£1,539.13"
Grange Cottage Residential Home,"£1,537.43"
Christy Idahosa,"£1,536.00"
Test Valley Mobility,"£1,528.00"
R@W Logistics Ltd,"£1,520.83"
Dove House Nursery School,"£1,512.00"
Farmstead Nursing Home,"£1,504.34"
Lambeth Asian Centre,"£1,500.00"
"Weybourne Residential Care Home, Avante Partnership","£1,497.22"
L'Arche Lambeth Community,"£1,491.56"
The Oaks Nursing Centre,"£1,490.52"
Praesmohr House,"£1,480.00"
Surrey Rest Homes Ltd,"£1,477.93"
Document Technology Ltd,"£1,460.42"
E.On Energy,"£1,456.15"
Thornton Lodge Residential Home,"£1,448.79"
Flintham Cabins Ltd,"£1,435.00"
Anna House,"£1,428.56"
Garth House Nursing Home,"£1,427.66"
Addlestone Lodge,"£1,420.33"
Clarendon Nursing Home,"£1,418.07"
Rnid Sound Advantage,"£1,411.55"
The Childrens Trust,"£1,407.50"
All About Care,"£1,404.57"
CHD (Care Homes) Ltd,"£1,403.63"
Hayes Court,"£1,391.35"
R & M A Stewart Ltd,"£1,388.49"
TCR Training Ltd,"£1,385.00"
Mitre Construction Co Ltd,"£1,380.50"
LaSCoT,"£1,380.00"
Foxley Lodge,"£1,373.28"
Press Red Ltd,"£1,372.80"
Autumn Lodge Care Home,"£1,354.21"
Chartered Institute Of Housing,"£1,346.00"
Chanctonbury Healthcare Ltd,"£1,341.91"
Somerset Care,"£1,339.37"
Harrow Green Group,"£1,327.71"
Abbeyfield Dorcas Society,"£1,324.73"
Judy Watchman,"£1,320.00"
Kingston University,"£1,310.00"
OCR,"£1,309.10"
Kendall Cars,"£1,308.08"
Mr Michael Scharf,"£1,300.00"
Surrey Heights,"£1,295.27"
Snap Surveys Ltd,"£1,295.00"
Dudwell St. Mary Care Home,"£1,290.10"
West Lodge Residential Care Home,"£1,288.86"
22 Design Ltd,"£1,280.00"
Fostering & Adoptions,"£1,270.00"
Dr Olufadejimi Jegede,"£1,268.39"
Clarence Nursing Home,"£1,255.25"
Jenx Ltd,"£1,253.00"
YMCA Fitness Industry Training,"£1,250.00"
Francis McMahon,"£1,242.22"
Elizabeth Court Rest Home,"£1,241.66"
Mr & Mrs Charles Donkoh,"£1,240.00"
Peckham Lodge,"£1,240.00"
C H Installations Ltd,"£1,238.94"
Hooklands Nursing Home,"£1,235.20"
Office Depot UK Ltd,"£1,234.29"
Ashton Lodge,"£1,228.86"
Little Hayes Care Home,"£1,228.86"
Caburn Supported Services Ltd,"£1,225.00"
PHS Group Ltd,"£1,211.13"
BIFFA Waste Servicess Ltd,"£1,198.40"
Beverley Grange Nursing Home,"£1,197.96"
Blanchworth Care,"£1,191.17"
Boss Pharmacy,"£1,177.61"
Aspect Construction,"£1,175.00"
CF Asset Finance Limited,"£1,173.14"
Westholme Ltd,"£1,170.00"
Askews and Holts Library Services Ltd,"£1,160.75"
Everyman Project,"£1,150.00"
Integrated Card Solutions Limited,"£1,150.00"
Regenesys Limited,"£1,150.00"
TPAS Ltd,"£1,142.80"
Anne Farren,"£1,125.00"
Vertal Ltd,"£1,123.00"
Action For Blind People,"£1,117.20"
Diamond Couriers Limited,"£1,106.40"
Scribes Plus Ltd,"£1,100.00"
NowMedical,"£1,100.00"
Kennedys,"£1,099.80"
Rutland Residential Care Home,"£1,096.60"
Fulham Timber Merchants Ltd,"£1,086.30"
Aquarius Group,"£1,047.56"
Rogers & Co Chartered Building Surveyors,"£1,045.00"
SES Care Homes Ltd,"£1,031.48"
Unique Help Group,"£1,021.63"
Chain Gang Limited,"£1,009.96"
Miss Ayan Mohamed,"£1,000.00"
Elephant Jobs Ltd,"£1,000.00"
Kingsley Boohene,"£1,000.00"
RED Instructor Training,"£1,000.00"
TP Bennett,"£1,000.00"
"Ashbourne Homes Ltd, Broome End care Centre",£999.18
NCC Services Ltd,£995.00
Linbrook Services Ltd,£986.77
Gillian Stringer,£986.00
Bindman & Partners,£984.00
Post Office Ltd,£980.00
Opening the Book Promotions,£975.00
Buddi limited,£960.00
Eaga,£959.97
Tv Licensing,£945.00
Significant Ltd,£938.00
Camelot Property Management,£923.51
Arlington House Residential Home,£906.22
ISV Software Ltd,£900.00
Community Publications,£900.00
D.M.Koc,£900.00
Lucy Lock,£900.00
Wind Workshop,£897.00
Guiness Trust Estate,£883.53
G4S Care & Justice Services (UK) Ltd,£881.00
Trust & Estate Services,£879.90
North Lambeth Partnership Arts,£868.00
Ledra Services Ltd,£855.00
Dawsons Music Ltd,£853.50
London Philharmonic Orchestra Limited,£851.40
Heavy Pencil Training Ltd,£850.00
RedQuadrant Ltd,£850.00
Ravenscourt,£847.69
Centre For Sheltered Housing Studies,£840.00
Zetetick Housing,£837.20
@UK Plc,£833.33
Unique Office Solutions Ltd,£827.10
Anna Cohen,£825.00
Edexcel,£804.00
The Hay Group Management Limited,£800.00
Energy Conscious Design Architects,£800.00
FosterCare UK Ltd,£795.38
J E Allaway Ltd,£794.40
Ashmount Care Home with Nursing,£788.23
Palway,£785.00
SOLO(ACCOM) Ltd,£775.00
Deafblind UK,£771.60
Bikeworks CIC,£770.00
Birdel Flooring Contractors Ltd,£765.00
Cobbetts LLP,£762.00
Safety in Mind,£750.00
Dakota Drawing Office Services Limited,£750.00
South London Learning Consortium,£750.00
Significan't (UK) Ltd,£750.00
Marian Skeen,£750.00
Brixton St. Vincents Community Centre,£750.00
People Consulting Ltd,£750.00
Cory Environmental Waste Management,£738.98
Elizabethan Security,£715.12
What Architecture,£713.86
Equifax Plc,£693.00
TLT LLP,£680.00
Tibbalds Planning & urban Design Ltd,£652.00
LexisNexis Butterworths,£648.00
Port Regis,£639.99
Rjn Chemicals Ltd,£630.00
Conant Engineering Ltd,£630.00
Cardoe Martin Limited,£625.00
Brixton Cycles Ltd,£625.00
Heywood Limited,£612.50
J C Decaux Ltd,£602.86
Andrew Sheftel,£600.00
Academy Class Ltd,£598.20
Edmund & Sons,£593.00
Active Fire Management Ltd,£590.00
Funeralcare,£587.00
Lawrence EHC Limited,£577.50
GLS Educational Supplies Ltd,£576.03
Fierce Neutral Ltd,£575.00
ISS Ltd,£570.00
Trevi House Ltd,£565.05
Mr Tim Adkin,£562.50
Office of the Immigration Services Commissioner,£555.00
Mayor's & City Of London County Court,£545.00
CCH Express Cars & Couriers Ltd,£544.00
Mrs C F Donlon,£540.00
Pulstar Dataprint Ltd,£539.00
Sweetie Consulting Ltd,£525.00
RCP Landscapes Ltd,£523.73
Woodside Lodge,£520.00
Office Team Ltd,£518.48
Chubb Fire Ltd,£516.00
Thebigword,£515.27
Teddies Nurseries Ltd,£512.38
GSE (Skips),£510.00
Online Ergonomics Ltd,£501.50
Grand Total,"£37,361,284.82"
